"city","city_code","distance_bin","r_mid_km","f_r","p_r","pi_r"
"London","LDN","[0.0, 0.5)","0.25","731451","126","5805.16666666667"
"London","LDN","[0.5, 1.0)","0.75","11376543","691","16463.8827785818"
"London","LDN","[1.0, 1.5)","1.25","28785627","1126","25564.5"
"London","LDN","[1.5, 2.0)","1.75","40450457","1373","29461.3670793882"
"London","LDN","[2.0, 2.5)","2.25","46309088","1752","26432.1278538813"
"London","LDN","[2.5, 3.0)","2.75","45221146","1942","23285.8630278064"
"London","LDN","[3.0, 3.5)","3.25","58060788","2321","25015.4192158552"
"London","LDN","[3.5, 4.0)","3.75","51682437","2611","19794.1160474914"
"London","LDN","[4.0, 4.5)","4.25","50612182","2857","17715.1494574729"
"London","LDN","[4.5, 5.0)","4.75","51434562","3088","16656.2700777202"
"London","LDN","[5.0, 5.5)","5.25","46125923","3309","13939.5355092173"
"London","LDN","[5.5, 6.0)","5.75","42671871","3510","12157.2282051282"
"London","LDN","[6.0, 6.5)","6.25","47822418","3549","13474.899408284"
"London","LDN","[6.5, 7.0)","6.75","40316440","3754","10739.5950985615"
"London","LDN","[7.0, 7.5)","7.25","36237645","3675","9860.58367346939"
"London","LDN","[7.5, 8.0)","7.75","38033911","3815","9969.57038007864"
"London","LDN","[8.0, 8.5)","8.25","32526066","3856","8435.18309128631"
"London","LDN","[8.5, 9.0)","8.75","33108872","3972","8335.56696878147"
"London","LDN","[9.0, 9.5)","9.25","36145419","3984","9072.6453313253"
"London","LDN","[9.5, 10.0)","9.75","30435760","4001","7607.03824043989"
"London","LDN","[10.0, 10.5)","10.25","27277343","4014","6795.55132037867"
"London","LDN","[10.5, 11.0)","10.75","25690307","3848","6676.27520790021"
"London","LDN","[11.0, 11.5)","11.25","29140037","3970","7340.059697733"
"London","LDN","[11.5, 12.0)","11.75","21592393","3928","5497.0450610998"
"London","LDN","[12.0, 12.5)","12.25","21327393","3879","5498.16782675947"
"London","LDN","[12.5, 13.0)","12.75","19990844","3798","5263.5186940495"
"London","LDN","[13.0, 13.5)","13.25","17224430","3742","4603.00106894709"
"London","LDN","[13.5, 14.0)","13.75","17012794","3517","4837.30281489906"
"London","LDN","[14.0, 14.5)","14.25","17305019","3652","4738.50465498357"
"London","LDN","[14.5, 15.0)","14.75","15124305","3447","4387.67188859878"
"London","LDN","[15.0, 15.5)","15.25","11498672","3256","3531.53316953317"
"London","LDN","[15.5, 16.0)","15.75","13407339","3142","4267.13526416295"
"London","LDN","[16.0, 16.5)","16.25","10062264","3088","3258.50518134715"
"London","LDN","[16.5, 17.0)","16.75","9394076","3013","3117.84799203452"
"London","LDN","[17.0, 17.5)","17.25","8335544","2844","2930.92264416315"
"London","LDN","[17.5, 18.0)","17.75","8463066","2755","3071.89328493648"
"London","LDN","[18.0, 18.5)","18.25","6916469","2634","2625.84244495065"
"London","LDN","[18.5, 19.0)","18.75","7021474","2516","2790.72893481717"
"London","LDN","[19.0, 19.5)","19.25","5869150","2483","2363.73338703182"
"London","LDN","[19.5, 20.0)","19.75","6298407","2470","2549.96234817814"
"London","LDN","[20.0, 20.5)","20.25","5590341","2132","2622.11116322702"
"London","LDN","[20.5, 21.0)","20.75","5102811","2229","2289.28263795424"
"London","LDN","[21.0, 21.5)","21.25","4158734","2090","1989.82488038278"
"London","LDN","[21.5, 22.0)","21.75","4078935","1969","2071.57694261046"
"London","LDN","[22.0, 22.5)","22.25","4343867","1856","2340.44558189655"
"London","LDN","[22.5, 23.0)","22.75","4413709","1790","2465.7592178771"
"London","LDN","[23.0, 23.5)","23.25","3566660","1722","2071.23112659698"
"London","LDN","[23.5, 24.0)","23.75","4365492","1686","2589.25978647687"
"London","LDN","[24.0, 24.5)","24.25","2979915","1479","2014.81744421907"
"London","LDN","[24.5, 25.0)","24.75","2618579","1451","1804.67195037905"
"London","LDN","[25.0, 25.5)","25.25","2871573","1448","1983.13052486188"
"London","LDN","[25.5, 26.0)","25.75","2723030","1285","2119.08949416342"
"London","LDN","[26.0, 26.5)","26.25","2226077","1219","1826.15012305168"
"London","LDN","[26.5, 27.0)","26.75","1832404","1136","1613.03169014085"
"London","LDN","[27.0, 27.5)","27.25","1749775","1086","1611.21086556169"
"London","LDN","[27.5, 28.0)","27.75","1678760","1047","1603.40019102197"
"London","LDN","[28.0, 28.5)","28.25","1277738","1029","1241.72789115646"
"London","LDN","[28.5, 29.0)","28.75","1166498","868","1343.89170506912"
"London","LDN","[29.0, 29.5)","29.25","965790","847","1140.2479338843"
"London","LDN","[29.5, 30.0)","29.75","920786","848","1085.83254716981"
"London","LDN","[30.0, 30.5)","30.25","910572","802","1135.37655860349"
"London","LDN","[30.5, 31.0)","30.75","664317","755","879.890066225166"
"London","LDN","[31.0, 31.5)","31.25","699064","714","979.081232492997"
"London","LDN","[31.5, 32.0)","31.75","807952","660","1224.1696969697"
"London","LDN","[32.0, 32.5)","32.25","719289","613","1173.39151712887"
"London","LDN","[32.5, 33.0)","32.75","440683","504","874.371031746032"
"London","LDN","[33.0, 33.5)","33.25","654294","556","1176.78776978417"
"London","LDN","[33.5, 34.0)","33.75","469445","505","929.594059405941"
"London","LDN","[34.0, 34.5)","34.25","667800","468","1426.92307692308"
"London","LDN","[34.5, 35.0)","34.75","522666","455","1148.71648351648"
"London","LDN","[35.0, 35.5)","35.25","366447","383","956.780678851175"
"London","LDN","[35.5, 36.0)","35.75","377216","397","950.166246851385"
"London","LDN","[36.0, 36.5)","36.25","347999","347","1002.87896253602"
"London","LDN","[36.5, 37.0)","36.75","353624","353","1001.76770538244"
"London","LDN","[37.0, 37.5)","37.25","393625","336","1171.50297619048"
"London","LDN","[37.5, 38.0)","37.75","337874","281","1202.39857651246"
"London","LDN","[38.0, 38.5)","38.25","255901","294","870.41156462585"
"London","LDN","[38.5, 39.0)","38.75","268279","243","1104.02880658436"
"London","LDN","[39.0, 39.5)","39.25","227334","243","935.530864197531"
"London","LDN","[39.5, 40.0)","39.75","328174","248","1323.28225806452"
"London","LDN","[40.0, 40.5)","40.25","230936","250","923.744"
"London","LDN","[40.5, 41.0)","40.75","253034","215","1176.9023255814"
"London","LDN","[41.0, 41.5)","41.25","112382","182","617.483516483516"
"London","LDN","[41.5, 42.0)","41.75","137312","174","789.149425287356"
"London","LDN","[42.0, 42.5)","42.25","145927","165","884.406060606061"
"London","LDN","[42.5, 43.0)","42.75","129768","176","737.318181818182"
"London","LDN","[43.0, 43.5)","43.25","45898","132","347.712121212121"
"London","LDN","[43.5, 44.0)","43.75","75145","152","494.375"
"London","LDN","[44.0, 44.5)","44.25","100170","138","725.869565217391"
"London","LDN","[44.5, 45.0)","44.75","55793","142","392.908450704225"
"London","LDN","[45.0, 45.5)","45.25","43836","115","381.182608695652"
"London","LDN","[45.5, 46.0)","45.75","61972","137","452.350364963504"
"London","LDN","[46.0, 46.5)","46.25","32606","123","265.089430894309"
"London","LDN","[46.5, 47.0)","46.75","50596","106","477.320754716981"
"London","LDN","[47.0, 47.5)","47.25","25896","99","261.575757575758"
"London","LDN","[47.5, 48.0)","47.75","50774","109","465.816513761468"
"London","LDN","[48.0, 48.5)","48.25","20694","95","217.831578947368"
"London","LDN","[48.5, 49.0)","48.75","36049","64","563.265625"
"London","LDN","[49.0, 49.5)","49.25","27148","99","274.222222222222"
"London","LDN","[49.5, 50.0)","49.75","40832","89","458.786516853933"
"London","LDN","[50.0, 50.5)","50.25","14440","64","225.625"
"London","LDN","[50.5, 51.0)","50.75","27232","64","425.5"
"London","LDN","[51.0, 51.5)","51.25","16316","66","247.212121212121"
"London","LDN","[51.5, 52.0)","51.75","16804","38","442.210526315789"
"London","LDN","[52.0, 52.5)","52.25","13062","58","225.206896551724"
"London","LDN","[52.5, 53.0)","52.75","24769","47","527"
"London","LDN","[53.0, 53.5)","53.25","7836","50","156.72"
"London","LDN","[53.5, 54.0)","53.75","23299","47","495.723404255319"
"London","LDN","[54.0, 54.5)","54.25","33376","46","725.565217391304"
"London","LDN","[54.5, 55.0)","54.75","7483","39","191.871794871795"
"London","LDN","[55.0, 55.5)","55.25","9766","39","250.410256410256"
"London","LDN","[55.5, 56.0)","55.75","99113","41","2417.39024390244"
"London","LDN","[56.0, 56.5)","56.25","4433","43","103.093023255814"
"London","LDN","[56.5, 57.0)","56.75","21909","49","447.122448979592"
"London","LDN","[57.0, 57.5)","57.25","16476","31","531.483870967742"
"London","LDN","[57.5, 58.0)","57.75","15558","33","471.454545454545"
"London","LDN","[58.0, 58.5)","58.25","16014","35","457.542857142857"
"London","LDN","[58.5, 59.0)","58.75","40032","52","769.846153846154"
"London","LDN","[59.0, 59.5)","59.25","24819","29","855.827586206897"
"London","LDN","[59.5, 60.0)","59.75","8899","28","317.821428571429"
"London","LDN","[60.0, 60.5)","60.25","19452","23","845.739130434783"
"London","LDN","[60.5, 61.0)","60.75","7349","28","262.464285714286"
"London","LDN","[61.0, 61.5)","61.25","8411","22","382.318181818182"
"London","LDN","[61.5, 62.0)","61.75","35495","34","1043.97058823529"
"London","LDN","[62.0, 62.5)","62.25","2530","9","281.111111111111"
"London","LDN","[62.5, 63.0)","62.75","5481","30","182.7"
"London","LDN","[63.0, 63.5)","63.25","1491","19","78.4736842105263"
"London","LDN","[63.5, 64.0)","63.75","8392","32","262.25"
"London","LDN","[64.0, 64.5)","64.25","3355","16","209.6875"
"London","LDN","[64.5, 65.0)","64.75","3728","22","169.454545454545"
"London","LDN","[65.0, 65.5)","65.25","2419","20","120.95"
"London","LDN","[65.5, 66.0)","65.75","1447","12","120.583333333333"
"London","LDN","[66.0, 66.5)","66.25","14590","27","540.37037037037"
"London","LDN","[66.5, 67.0)","66.75","2156","18","119.777777777778"
"London","LDN","[67.0, 67.5)","67.25","1820","12","151.666666666667"
"London","LDN","[67.5, 68.0)","67.75","9757","16","609.8125"
"London","LDN","[68.0, 68.5)","68.25","2728","14","194.857142857143"
"London","LDN","[68.5, 69.0)","68.75","1195","10","119.5"
"London","LDN","[69.0, 69.5)","69.25","5406","6","901"
"London","LDN","[69.5, 70.0)","69.75","1291","8","161.375"
"London","LDN","[70.0, 70.5)","70.25","911","8","113.875"
"London","LDN","[70.5, 71.0)","70.75","1290","11","117.272727272727"
"London","LDN","[71.0, 71.5)","71.25","802","4","200.5"
"London","LDN","[71.5, 72.0)","71.75","1783","14","127.357142857143"
"London","LDN","[72.0, 72.5)","72.25","8044","6","1340.66666666667"
"London","LDN","[72.5, 73.0)","72.75","2384","6","397.333333333333"
"London","LDN","[73.0, 73.5)","73.25","1622","6","270.333333333333"
"London","LDN","[73.5, 74.0)","73.75","433","5","86.6"
"London","LDN","[74.5, 75.0)","74.75","1507","12","125.583333333333"
"London","LDN","[75.0, 75.5)","75.25","260","4","65"
"London","LDN","[75.5, 76.0)","75.75","5761","10","576.1"
"London","LDN","[76.5, 77.0)","76.75","302","2","151"
"London","LDN","[77.0, 77.5)","77.25","1106","4","276.5"
"London","LDN","[77.5, 78.0)","77.75","7","1","7"
"London","LDN","[78.0, 78.5)","78.25","376","4","94"
"London","LDN","[79.0, 79.5)","79.25","183","2","91.5"
"London","LDN","[79.5, 80.0)","79.75","371","2","185.5"
"London","LDN","[80.5, 81.0)","80.75","1606","2","803"
"London","LDN","[81.5, 82.0)","81.75","255","4","63.75"
"London","LDN","[82.5, 83.0)","82.75","401","2","200.5"
"London","LDN","[83.0, 83.5)","83.25","93","4","23.25"
"London","LDN","[84.0, 84.5)","84.25","109","4","27.25"
"London","LDN","[84.5, 85.0)","84.75","358","2","179"
"London","LDN","[85.0, 85.5)","85.25","131","2","65.5"
"London","LDN","[89.5, 90.0)","89.75","467","2","233.5"
"London","LDN","[92.0, 92.5)","92.25","470","2","235"
"NYC","NYC","[0.0, 0.5)","0.25","868195.35","222","3910.78986486486"
"NYC","NYC","[0.5, 1.0)","0.75","7071569.6","1074","6584.32923649907"
"NYC","NYC","[1.0, 1.5)","1.25","11602205.75","1807","6420.70047039292"
"NYC","NYC","[1.5, 2.0)","1.75","11611133.42","2270","5115.03674889868"
"NYC","NYC","[2.0, 2.5)","2.25","15262610.39","2666","5724.91012378095"
"NYC","NYC","[2.5, 3.0)","2.75","13928281.91","3015","4619.66232504146"
"NYC","NYC","[3.0, 3.5)","3.25","12494356.13","3228","3870.61837980174"
"NYC","NYC","[3.5, 4.0)","3.75","13781252.9","3638","3788.13988455195"
"NYC","NYC","[4.0, 4.5)","4.25","13226608.34","3985","3319.09870514429"
"NYC","NYC","[4.5, 5.0)","4.75","12530219.43","4181","2996.94317866539"
"NYC","NYC","[5.0, 5.5)","5.25","12224574.81","4524","2702.16065649867"
"NYC","NYC","[5.5, 6.0)","5.75","11018542.31","4534","2430.20342082047"
"NYC","NYC","[6.0, 6.5)","6.25","9638635.61","4447","2167.44673038003"
"NYC","NYC","[6.5, 7.0)","6.75","9582737.9","4665","2054.17747052519"
"NYC","NYC","[7.0, 7.5)","7.25","8690846.78","4717","1842.45214755141"
"NYC","NYC","[7.5, 8.0)","7.75","8780891.43","4848","1811.23998143564"
"NYC","NYC","[8.0, 8.5)","8.25","8092700.95","4944","1636.87316949838"
"NYC","NYC","[8.5, 9.0)","8.75","8175575.57","4828","1693.36693661972"
"NYC","NYC","[9.0, 9.5)","9.25","7522408.96","5006","1502.67857770675"
"NYC","NYC","[9.5, 10.0)","9.75","6992169.48","4839","1444.96166150031"
"NYC","NYC","[10.0, 10.5)","10.25","6025434.76","4988","1207.98611868484"
"NYC","NYC","[10.5, 11.0)","10.75","5801037.56","4659","1245.12503970809"
"NYC","NYC","[11.0, 11.5)","11.25","5165611.64","4740","1089.79148523207"
"NYC","NYC","[11.5, 12.0)","11.75","4866405.28","4785","1017.01259770115"
"NYC","NYC","[12.0, 12.5)","12.25","4879901.46","4602","1060.38710560626"
"NYC","NYC","[12.5, 13.0)","12.75","5053400.93","4510","1120.48801108647"
"NYC","NYC","[13.0, 13.5)","13.25","4417001.54","4332","1019.62177746999"
"NYC","NYC","[13.5, 14.0)","13.75","4043128.48","4078","991.448867091712"
"NYC","NYC","[14.0, 14.5)","14.25","3382383.07","4138","817.395618656356"
"NYC","NYC","[14.5, 15.0)","14.75","3048265.57","4096","744.205461425781"
"NYC","NYC","[15.0, 15.5)","15.25","3054318.62","4100","744.95576097561"
"NYC","NYC","[15.5, 16.0)","15.75","3113418.75","3814","816.313253801783"
"NYC","NYC","[16.0, 16.5)","16.25","2944974.24","3793","776.423474822041"
"NYC","NYC","[16.5, 17.0)","16.75","2633146.43","3610","729.403443213296"
"NYC","NYC","[17.0, 17.5)","17.25","2132809.32","3358","635.142739726027"
"NYC","NYC","[17.5, 18.0)","17.75","1793954.38","3157","568.246556857776"
"NYC","NYC","[18.0, 18.5)","18.25","1336400.77","3029","441.201970947507"
"NYC","NYC","[18.5, 19.0)","18.75","1064986.77","2808","379.268792735043"
"NYC","NYC","[19.0, 19.5)","19.25","1072604.1","2651","404.603583553376"
"NYC","NYC","[19.5, 20.0)","19.75","809799.41","2456","329.722886807818"
"NYC","NYC","[20.0, 20.5)","20.25","667678.12","2279","292.969776217639"
"NYC","NYC","[20.5, 21.0)","20.75","598973.51","2148","278.851727188082"
"NYC","NYC","[21.0, 21.5)","21.25","468364.73","2016","232.323774801587"
"NYC","NYC","[21.5, 22.0)","21.75","420729.8","1832","229.656004366812"
"NYC","NYC","[22.0, 22.5)","22.25","332137.42","1648","201.539696601942"
"NYC","NYC","[22.5, 23.0)","22.75","249935.88","1467","170.372106339468"
"NYC","NYC","[23.0, 23.5)","23.25","259976.4","1424","182.567696629213"
"NYC","NYC","[23.5, 24.0)","23.75","190893.04","1242","153.698099838969"
"NYC","NYC","[24.0, 24.5)","24.25","201439.75","1202","167.587146422629"
"NYC","NYC","[24.5, 25.0)","24.75","181603.34","1079","168.307080630213"
"NYC","NYC","[25.0, 25.5)","25.25","141372.75","1019","138.73675171737"
"NYC","NYC","[25.5, 26.0)","25.75","157415.98","940","167.463808510638"
"NYC","NYC","[26.0, 26.5)","26.25","93616.45","865","108.22710982659"
"NYC","NYC","[26.5, 27.0)","26.75","74508.89","856","87.0430957943925"
"NYC","NYC","[27.0, 27.5)","27.25","65750.14","801","82.0850686641698"
"NYC","NYC","[27.5, 28.0)","27.75","59726.07","752","79.4229654255319"
"NYC","NYC","[28.0, 28.5)","28.25","51216.31","641","79.900639625585"
"NYC","NYC","[28.5, 29.0)","28.75","43968.56","630","69.7913650793651"
"NYC","NYC","[29.0, 29.5)","29.25","36342.24","562","64.6659074733096"
"NYC","NYC","[29.5, 30.0)","29.75","25346.69","494","51.3090890688259"
"NYC","NYC","[30.0, 30.5)","30.25","35086.83","486","72.1951234567901"
"NYC","NYC","[30.5, 31.0)","30.75","22098.66","409","54.0309535452323"
"NYC","NYC","[31.0, 31.5)","31.25","37725.98","390","96.733282051282"
"NYC","NYC","[31.5, 32.0)","31.75","17675.68","354","49.9312994350283"
"NYC","NYC","[32.0, 32.5)","32.25","18599.51","322","57.7624534161491"
"NYC","NYC","[32.5, 33.0)","32.75","11751.63","274","42.8891605839416"
"NYC","NYC","[33.0, 33.5)","33.25","9093.04","214","42.4908411214953"
"NYC","NYC","[33.5, 34.0)","33.75","10409.35","170","61.2314705882353"
"NYC","NYC","[34.0, 34.5)","34.25","4537.65","120","37.81375"
"NYC","NYC","[34.5, 35.0)","34.75","2587.47","88","29.4030681818182"
"NYC","NYC","[35.0, 35.5)","35.25","2592.39","66","39.2786363636364"
"NYC","NYC","[35.5, 36.0)","35.75","759.39","32","23.7309375"
"NYC","NYC","[36.0, 36.5)","36.25","818.83","22","37.2195454545455"
"NYC","NYC","[36.5, 37.0)","36.75","561.21","16","35.075625"
"NYC","NYC","[37.0, 37.5)","37.25","502.33","10","50.233"
"NYC","NYC","[37.5, 38.0)","37.75","281.16","6","46.86"
"Tokyo","TYO","[0.0, 0.5)","0.25","80024","2130","37.5699530516432"
"Tokyo","TYO","[0.5, 1.0)","0.75","155341","1986","78.218026183283"
"Tokyo","TYO","[1.0, 1.5)","1.25","318566","2982","106.82964453387"
"Tokyo","TYO","[1.5, 2.0)","1.75","393400","3926","100.203769740194"
"Tokyo","TYO","[2.0, 2.5)","2.25","390470","4741","82.3602615481966"
"Tokyo","TYO","[2.5, 3.0)","2.75","377141","5413","69.6731941622021"
"Tokyo","TYO","[3.0, 3.5)","3.25","361964","6115","59.1928045789043"
"Tokyo","TYO","[3.5, 4.0)","3.75","384434","6718","57.2244715689193"
"Tokyo","TYO","[4.0, 4.5)","4.25","330567","7213","45.8293359212533"
"Tokyo","TYO","[4.5, 5.0)","4.75","314058","7746","40.5445391169636"
"Tokyo","TYO","[5.0, 5.5)","5.25","321805","8233","39.0872100085024"
"Tokyo","TYO","[5.5, 6.0)","5.75","265519","8403","31.5981197191479"
"Tokyo","TYO","[6.0, 6.5)","6.25","304107","9055","33.5844284925456"
"Tokyo","TYO","[6.5, 7.0)","6.75","269489","9420","28.6081740976645"
"Tokyo","TYO","[7.0, 7.5)","7.25","241843","9240","26.1734848484848"
"Tokyo","TYO","[7.5, 8.0)","7.75","243259","9743","24.9675664579698"
"Tokyo","TYO","[8.0, 8.5)","8.25","216712","10032","21.6020733652313"
"Tokyo","TYO","[8.5, 9.0)","8.75","190404","9584","19.8668614357262"
"Tokyo","TYO","[9.0, 9.5)","9.25","192125","10077","19.0656941550065"
"Tokyo","TYO","[9.5, 10.0)","9.75","194678","10078","19.317126413971"
"Tokyo","TYO","[10.0, 10.5)","10.25","162144","9914","16.3550534597539"
"Tokyo","TYO","[10.5, 11.0)","10.75","183639","9874","18.5982377962325"
"Tokyo","TYO","[11.0, 11.5)","11.25","161932","10176","15.9131289308176"
"Tokyo","TYO","[11.5, 12.0)","11.75","143627","10124","14.1867838798894"
"Tokyo","TYO","[12.0, 12.5)","12.25","141098","10357","13.6234430819735"
"Tokyo","TYO","[12.5, 13.0)","12.75","139030","10016","13.8807907348243"
"Tokyo","TYO","[13.0, 13.5)","13.25","129477","10046","12.8884132988254"
"Tokyo","TYO","[13.5, 14.0)","13.75","125195","9894","12.653628461694"
"Tokyo","TYO","[14.0, 14.5)","14.25","116330","9768","11.9092956592957"
"Tokyo","TYO","[14.5, 15.0)","14.75","118509","9834","12.0509456985967"
"Tokyo","TYO","[15.0, 15.5)","15.25","105932","9698","10.9230769230769"
"Tokyo","TYO","[15.5, 16.0)","15.75","98153","9575","10.2509660574413"
"Tokyo","TYO","[16.0, 16.5)","16.25","93716","9467","9.89922890039083"
"Tokyo","TYO","[16.5, 17.0)","16.75","97127","9514","10.2088501156191"
"Tokyo","TYO","[17.0, 17.5)","17.25","82259","9299","8.84600494676847"
"Tokyo","TYO","[17.5, 18.0)","17.75","100417","9357","10.7317516297959"
"Tokyo","TYO","[18.0, 18.5)","18.25","76237","9160","8.32281659388646"
"Tokyo","TYO","[18.5, 19.0)","18.75","79514","8985","8.84963828603228"
"Tokyo","TYO","[19.0, 19.5)","19.25","69413","8897","7.80184331797235"
"Tokyo","TYO","[19.5, 20.0)","19.75","70249","8782","7.99920291505352"
"Tokyo","TYO","[20.0, 20.5)","20.25","69687","8814","7.90639891082369"
"Tokyo","TYO","[20.5, 21.0)","20.75","69686","8698","8.01172683375489"
"Tokyo","TYO","[21.0, 21.5)","21.25","71333","8775","8.12911680911681"
"Tokyo","TYO","[21.5, 22.0)","21.75","56666","8399","6.74675556613883"
"Tokyo","TYO","[22.0, 22.5)","22.25","66609","8487","7.84835630965005"
"Tokyo","TYO","[22.5, 23.0)","22.75","55234","8249","6.69584192023276"
"Tokyo","TYO","[23.0, 23.5)","23.25","54088","8202","6.59448914898805"
"Tokyo","TYO","[23.5, 24.0)","23.75","53945","8364","6.44966523194644"
"Tokyo","TYO","[24.0, 24.5)","24.25","49115","8033","6.1141541142786"
"Tokyo","TYO","[24.5, 25.0)","24.75","50626","8002","6.32666833291677"
"Tokyo","TYO","[25.0, 25.5)","25.25","49756","7983","6.23274458223725"
"Tokyo","TYO","[25.5, 26.0)","25.75","52092","7709","6.75729666623427"
"Tokyo","TYO","[26.0, 26.5)","26.25","52380","7904","6.62702429149798"
"Tokyo","TYO","[26.5, 27.0)","26.75","42916","7481","5.73666622109344"
"Tokyo","TYO","[27.0, 27.5)","27.25","42994","7458","5.76481630463931"
"Tokyo","TYO","[27.5, 28.0)","27.75","40357","7366","5.47882161281564"
"Tokyo","TYO","[28.0, 28.5)","28.25","46973","7255","6.47456926257753"
"Tokyo","TYO","[28.5, 29.0)","28.75","41575","7197","5.77671251910518"
"Tokyo","TYO","[29.0, 29.5)","29.25","38304","6974","5.49240034413536"
"Tokyo","TYO","[29.5, 30.0)","29.75","32886","6744","4.87633451957295"
"Tokyo","TYO","[30.0, 30.5)","30.25","36548","6793","5.38024436920359"
"Tokyo","TYO","[30.5, 31.0)","30.75","32610","6570","4.9634703196347"
"Tokyo","TYO","[31.0, 31.5)","31.25","32319","6421","5.03332814203395"
"Tokyo","TYO","[31.5, 32.0)","31.75","34279","6539","5.24223887444563"
"Tokyo","TYO","[32.0, 32.5)","32.25","31065","6254","4.96722097857371"
"Tokyo","TYO","[32.5, 33.0)","32.75","29373","6091","4.82236086028567"
"Tokyo","TYO","[33.0, 33.5)","33.25","26718","5877","4.54619703930577"
"Tokyo","TYO","[33.5, 34.0)","33.75","24794","5743","4.31725578965697"
"Tokyo","TYO","[34.0, 34.5)","34.25","22778","5488","4.15051020408163"
"Tokyo","TYO","[34.5, 35.0)","34.75","23855","5516","4.32469180565627"
"Tokyo","TYO","[35.0, 35.5)","35.25","19985","5260","3.79942965779468"
"Tokyo","TYO","[35.5, 36.0)","35.75","23123","5014","4.61168727562824"
"Tokyo","TYO","[36.0, 36.5)","36.25","19103","4949","3.85997171145686"
"Tokyo","TYO","[36.5, 37.0)","36.75","19445","4826","4.02921674264401"
"Tokyo","TYO","[37.0, 37.5)","37.25","15997","4579","3.49355754531557"
"Tokyo","TYO","[37.5, 38.0)","37.75","17754","4378","4.05527638190955"
"Tokyo","TYO","[38.0, 38.5)","38.25","17476","4373","3.9963411845415"
"Tokyo","TYO","[38.5, 39.0)","38.75","15845","4136","3.83099613152805"
"Tokyo","TYO","[39.0, 39.5)","39.25","14706","4030","3.64913151364764"
"Tokyo","TYO","[39.5, 40.0)","39.75","13665","3819","3.57816182246661"
"Tokyo","TYO","[40.0, 40.5)","40.25","13391","3747","3.57379236722712"
"Tokyo","TYO","[40.5, 41.0)","40.75","11584","3573","3.2420934788693"
"Tokyo","TYO","[41.0, 41.5)","41.25","13019","3486","3.7346528973035"
"Tokyo","TYO","[41.5, 42.0)","41.75","12416","3298","3.76470588235294"
"Tokyo","TYO","[42.0, 42.5)","42.25","11496","3223","3.56686317095873"
"Tokyo","TYO","[42.5, 43.0)","42.75","9313","3060","3.04346405228758"
"Tokyo","TYO","[43.0, 43.5)","43.25","10961","2997","3.65732399065732"
"Tokyo","TYO","[43.5, 44.0)","43.75","9643","2876","3.3529207232267"
"Tokyo","TYO","[44.0, 44.5)","44.25","9470","2885","3.28249566724437"
"Tokyo","TYO","[44.5, 45.0)","44.75","8258","2689","3.0710301227222"
"Tokyo","TYO","[45.0, 45.5)","45.25","8278","2764","2.99493487698987"
"Tokyo","TYO","[45.5, 46.0)","45.75","8137","2630","3.09391634980989"
"Tokyo","TYO","[46.0, 46.5)","46.25","7857","2491","3.15415495784825"
"Tokyo","TYO","[46.5, 47.0)","46.75","6605","2447","2.69922353902738"
"Tokyo","TYO","[47.0, 47.5)","47.25","6693","2453","2.72849571952711"
"Tokyo","TYO","[47.5, 48.0)","47.75","7571","2240","3.37991071428571"
"Tokyo","TYO","[48.0, 48.5)","48.25","7237","2127","3.40244475787494"
"Tokyo","TYO","[48.5, 49.0)","48.75","5884","2100","2.80190476190476"
"Tokyo","TYO","[49.0, 49.5)","49.25","5714","1929","2.96215655780197"
"Tokyo","TYO","[49.5, 50.0)","49.75","5307","1951","2.72014351614557"
"Tokyo","TYO","[50.0, 50.5)","50.25","5634","1871","3.01122394441475"
"Tokyo","TYO","[50.5, 51.0)","50.75","4994","1691","2.95328208160852"
"Tokyo","TYO","[51.0, 51.5)","51.25","3946","1667","2.36712657468506"
"Tokyo","TYO","[51.5, 52.0)","51.75","4647","1637","2.83872938301772"
"Tokyo","TYO","[52.0, 52.5)","52.25","4893","1578","3.10076045627376"
"Tokyo","TYO","[52.5, 53.0)","52.75","4431","1472","3.0101902173913"
"Tokyo","TYO","[53.0, 53.5)","53.25","3648","1414","2.57991513437058"
"Tokyo","TYO","[53.5, 54.0)","53.75","4057","1431","2.83508036338225"
"Tokyo","TYO","[54.0, 54.5)","54.25","3896","1375","2.83345454545455"
"Tokyo","TYO","[54.5, 55.0)","54.75","4341","1276","3.40203761755486"
"Tokyo","TYO","[55.0, 55.5)","55.25","3138","1270","2.47086614173228"
"Tokyo","TYO","[55.5, 56.0)","55.75","3637","1294","2.81066460587326"
"Tokyo","TYO","[56.0, 56.5)","56.25","3549","1222","2.90425531914894"
"Tokyo","TYO","[56.5, 57.0)","56.75","4081","1198","3.40651085141903"
"Tokyo","TYO","[57.0, 57.5)","57.25","3613","1136","3.18045774647887"
"Tokyo","TYO","[57.5, 58.0)","57.75","2817","1042","2.70345489443378"
"Tokyo","TYO","[58.0, 58.5)","58.25","2571","1074","2.39385474860335"
"Tokyo","TYO","[58.5, 59.0)","58.75","3027","1018","2.97347740667976"
"Tokyo","TYO","[59.0, 59.5)","59.25","4521","991","4.56205852674067"
"Tokyo","TYO","[59.5, 60.0)","59.75","2719","950","2.86210526315789"
"Tokyo","TYO","[60.0, 60.5)","60.25","2713","940","2.88617021276596"
"Tokyo","TYO","[60.5, 61.0)","60.75","1909","899","2.12347052280311"
"Tokyo","TYO","[61.0, 61.5)","61.25","2854","803","3.55417185554172"
"Tokyo","TYO","[61.5, 62.0)","61.75","2840","802","3.54114713216958"
"Tokyo","TYO","[62.0, 62.5)","62.25","2937","840","3.49642857142857"
"Tokyo","TYO","[62.5, 63.0)","62.75","2472","909","2.71947194719472"
"Tokyo","TYO","[63.0, 63.5)","63.25","2264","801","2.82646691635456"
"Tokyo","TYO","[63.5, 64.0)","63.75","2339","743","3.14804845222073"
"Tokyo","TYO","[64.0, 64.5)","64.25","2184","700","3.12"
"Tokyo","TYO","[64.5, 65.0)","64.75","2097","665","3.15338345864662"
"Tokyo","TYO","[65.0, 65.5)","65.25","2066","681","3.03377386196769"
"Tokyo","TYO","[65.5, 66.0)","65.75","2163","643","3.36391912908243"
"Tokyo","TYO","[66.0, 66.5)","66.25","2825","669","4.22272047832586"
"Tokyo","TYO","[66.5, 67.0)","66.75","2069","660","3.13484848484848"
"Tokyo","TYO","[67.0, 67.5)","67.25","2723","634","4.29495268138801"
"Tokyo","TYO","[67.5, 68.0)","67.75","1655","629","2.63116057233704"
"Tokyo","TYO","[68.0, 68.5)","68.25","1834","630","2.91111111111111"
"Tokyo","TYO","[68.5, 69.0)","68.75","2652","559","4.74418604651163"
"Tokyo","TYO","[69.0, 69.5)","69.25","1670","575","2.90434782608696"
"Tokyo","TYO","[69.5, 70.0)","69.75","2955","564","5.23936170212766"
"Tokyo","TYO","[70.0, 70.5)","70.25","1815","540","3.36111111111111"
"Tokyo","TYO","[70.5, 71.0)","70.75","2067","490","4.21836734693878"
"Tokyo","TYO","[71.0, 71.5)","71.25","1651","459","3.59694989106754"
"Tokyo","TYO","[71.5, 72.0)","71.75","2210","498","4.43775100401606"
"Tokyo","TYO","[72.0, 72.5)","72.25","2611","496","5.26411290322581"
"Tokyo","TYO","[72.5, 73.0)","72.75","1971","402","4.90298507462687"
"Tokyo","TYO","[73.0, 73.5)","73.25","1893","445","4.25393258426966"
"Tokyo","TYO","[73.5, 74.0)","73.75","810","345","2.34782608695652"
"Tokyo","TYO","[74.0, 74.5)","74.25","2386","427","5.58782201405152"
"Tokyo","TYO","[74.5, 75.0)","74.75","1362","370","3.68108108108108"
"Tokyo","TYO","[75.0, 75.5)","75.25","1098","379","2.89709762532982"
"Tokyo","TYO","[75.5, 76.0)","75.75","1605","430","3.73255813953488"
"Tokyo","TYO","[76.0, 76.5)","76.25","1777","373","4.76407506702413"
"Tokyo","TYO","[76.5, 77.0)","76.75","942","348","2.70689655172414"
"Tokyo","TYO","[77.0, 77.5)","77.25","3016","322","9.36645962732919"
"Tokyo","TYO","[77.5, 78.0)","77.75","2345","320","7.328125"
"Tokyo","TYO","[78.0, 78.5)","78.25","1295","305","4.24590163934426"
"Tokyo","TYO","[78.5, 79.0)","78.75","1923","301","6.38870431893688"
"Tokyo","TYO","[79.0, 79.5)","79.25","1417","306","4.63071895424837"
"Tokyo","TYO","[79.5, 80.0)","79.75","1158","285","4.06315789473684"
"Tokyo","TYO","[80.0, 80.5)","80.25","1125","302","3.72516556291391"
"Tokyo","TYO","[80.5, 81.0)","80.75","1003","313","3.20447284345048"
"Tokyo","TYO","[81.0, 81.5)","81.25","831","241","3.44813278008299"
"Tokyo","TYO","[81.5, 82.0)","81.75","719","248","2.8991935483871"
"Tokyo","TYO","[82.0, 82.5)","82.25","741","227","3.26431718061674"
"Tokyo","TYO","[82.5, 83.0)","82.75","1146","206","5.5631067961165"
"Tokyo","TYO","[83.0, 83.5)","83.25","745","189","3.94179894179894"
"Tokyo","TYO","[83.5, 84.0)","83.75","428","167","2.56287425149701"
"Tokyo","TYO","[84.0, 84.5)","84.25","556","182","3.05494505494505"
"Tokyo","TYO","[84.5, 85.0)","84.75","713","149","4.78523489932886"
"Tokyo","TYO","[85.0, 85.5)","85.25","604","180","3.35555555555556"
"Tokyo","TYO","[85.5, 86.0)","85.75","712","163","4.3680981595092"
"Tokyo","TYO","[86.0, 86.5)","86.25","574","143","4.01398601398601"
"Tokyo","TYO","[86.5, 87.0)","86.75","349","111","3.14414414414414"
"Tokyo","TYO","[87.0, 87.5)","87.25","566","135","4.19259259259259"
"Tokyo","TYO","[87.5, 88.0)","87.75","582","137","4.24817518248175"
"Tokyo","TYO","[88.0, 88.5)","88.25","493","166","2.96987951807229"
"Tokyo","TYO","[88.5, 89.0)","88.75","420","126","3.33333333333333"
"Tokyo","TYO","[89.0, 89.5)","89.25","563","124","4.54032258064516"
"Tokyo","TYO","[89.5, 90.0)","89.75","483","117","4.12820512820513"
"Tokyo","TYO","[90.0, 90.5)","90.25","412","136","3.02941176470588"
"Tokyo","TYO","[90.5, 91.0)","90.75","896","122","7.34426229508197"
"Tokyo","TYO","[91.0, 91.5)","91.25","413","114","3.62280701754386"
"Tokyo","TYO","[91.5, 92.0)","91.75","326","93","3.50537634408602"
"Tokyo","TYO","[92.0, 92.5)","92.25","1662","113","14.7079646017699"
"Tokyo","TYO","[92.5, 93.0)","92.75","1302","143","9.1048951048951"
"Tokyo","TYO","[93.0, 93.5)","93.25","1344","121","11.1074380165289"
"Tokyo","TYO","[93.5, 94.0)","93.75","2425","121","20.0413223140496"
"Tokyo","TYO","[94.0, 94.5)","94.25","2662","111","23.981981981982"
"Tokyo","TYO","[94.5, 95.0)","94.75","1294","130","9.95384615384615"
"Tokyo","TYO","[95.0, 95.5)","95.25","5196","104","49.9615384615385"
"Tokyo","TYO","[95.5, 96.0)","95.75","2752","119","23.1260504201681"
"Tokyo","TYO","[96.0, 96.5)","96.25","1944","111","17.5135135135135"
"Tokyo","TYO","[96.5, 97.0)","96.75","5755","130","44.2692307692308"
"Tokyo","TYO","[97.0, 97.5)","97.25","580","112","5.17857142857143"
"Tokyo","TYO","[97.5, 98.0)","97.75","3007","107","28.1028037383178"
"Tokyo","TYO","[98.0, 98.5)","98.25","935","137","6.82481751824818"
"Tokyo","TYO","[98.5, 99.0)","98.75","9128","111","82.2342342342342"
"Tokyo","TYO","[99.0, 99.5)","99.25","2728","105","25.9809523809524"
"Tokyo","TYO","[99.5, 100.0)","99.75","2045","130","15.7307692307692"
"Tokyo","TYO","[100.0, 100.5)","100.25","3776","124","30.4516129032258"
"Tokyo","TYO","[100.5, 101.0)","100.75","2999","149","20.1275167785235"
"Tokyo","TYO","[101.0, 101.5)","101.25","2078","87","23.8850574712644"
"Tokyo","TYO","[101.5, 102.0)","101.75","3030","105","28.8571428571429"
"Tokyo","TYO","[102.0, 102.5)","102.25","5711","116","49.2327586206897"
"Tokyo","TYO","[102.5, 103.0)","102.75","3108","132","23.5454545454545"
"Tokyo","TYO","[103.0, 103.5)","103.25","1365","102","13.3823529411765"
"Tokyo","TYO","[103.5, 104.0)","103.75","1850","102","18.1372549019608"
"Tokyo","TYO","[104.0, 104.5)","104.25","1042","68","15.3235294117647"
"Tokyo","TYO","[104.5, 105.0)","104.75","742","53","14"
"Tokyo","TYO","[105.0, 105.5)","105.25","1252","69","18.1449275362319"
"Tokyo","TYO","[105.5, 106.0)","105.75","4335","88","49.2613636363636"
"Tokyo","TYO","[106.0, 106.5)","106.25","960","70","13.7142857142857"
"Tokyo","TYO","[106.5, 107.0)","106.75","1715","65","26.3846153846154"
"Tokyo","TYO","[107.0, 107.5)","107.25","1351","79","17.1012658227848"
"Tokyo","TYO","[107.5, 108.0)","107.75","1559","87","17.9195402298851"
"Tokyo","TYO","[108.0, 108.5)","108.25","684","67","10.2089552238806"
"Tokyo","TYO","[108.5, 109.0)","108.75","475","51","9.31372549019608"
"Tokyo","TYO","[109.0, 109.5)","109.25","1463","57","25.6666666666667"
"Tokyo","TYO","[109.5, 110.0)","109.75","1969","47","41.8936170212766"
"Tokyo","TYO","[110.0, 110.5)","110.25","2357","49","48.1020408163265"
"Tokyo","TYO","[110.5, 111.0)","110.75","1745","48","36.3541666666667"
"Tokyo","TYO","[111.0, 111.5)","111.25","384","36","10.6666666666667"
"Tokyo","TYO","[111.5, 112.0)","111.75","334","45","7.42222222222222"
"Tokyo","TYO","[112.0, 112.5)","112.25","287","31","9.25806451612903"
"Tokyo","TYO","[112.5, 113.0)","112.75","972","35","27.7714285714286"
"Tokyo","TYO","[113.0, 113.5)","113.25","982","33","29.7575757575758"
"Tokyo","TYO","[113.5, 114.0)","113.75","1659","43","38.5813953488372"
"Tokyo","TYO","[114.0, 114.5)","114.25","546","49","11.1428571428571"
"Tokyo","TYO","[114.5, 115.0)","114.75","145","39","3.71794871794872"
"Tokyo","TYO","[115.0, 115.5)","115.25","1286","26","49.4615384615385"
"Tokyo","TYO","[115.5, 116.0)","115.75","648","52","12.4615384615385"
"Tokyo","TYO","[116.0, 116.5)","116.25","374","46","8.1304347826087"
"Tokyo","TYO","[116.5, 117.0)","116.75","1868","33","56.6060606060606"
"Tokyo","TYO","[117.0, 117.5)","117.25","821","38","21.6052631578947"
"Tokyo","TYO","[117.5, 118.0)","117.75","73","18","4.05555555555556"
"Tokyo","TYO","[118.0, 118.5)","118.25","84","23","3.65217391304348"
"Tokyo","TYO","[118.5, 119.0)","118.75","927","24","38.625"
"Tokyo","TYO","[119.0, 119.5)","119.25","632","23","27.4782608695652"
"Tokyo","TYO","[119.5, 120.0)","119.75","263","39","6.74358974358974"
"Tokyo","TYO","[120.0, 120.5)","120.25","56","20","2.8"
"Tokyo","TYO","[120.5, 121.0)","120.75","511","27","18.9259259259259"
"Tokyo","TYO","[121.0, 121.5)","121.25","38","13","2.92307692307692"
"Tokyo","TYO","[121.5, 122.0)","121.75","308","26","11.8461538461538"
"Tokyo","TYO","[122.0, 122.5)","122.25","223","30","7.43333333333333"
"Tokyo","TYO","[122.5, 123.0)","122.75","145","25","5.8"
"Tokyo","TYO","[123.0, 123.5)","123.25","204","24","8.5"
"Tokyo","TYO","[123.5, 124.0)","123.75","1003","37","27.1081081081081"
"Tokyo","TYO","[124.0, 124.5)","124.25","72","24","3"
"Tokyo","TYO","[124.5, 125.0)","124.75","55","22","2.5"
"Tokyo","TYO","[125.0, 125.5)","125.25","97","22","4.40909090909091"
"Tokyo","TYO","[125.5, 126.0)","125.75","251","21","11.952380952381"
"Tokyo","TYO","[126.0, 126.5)","126.25","186","19","9.78947368421053"
"Tokyo","TYO","[126.5, 127.0)","126.75","109","21","5.19047619047619"
"Tokyo","TYO","[127.0, 127.5)","127.25","24","11","2.18181818181818"
"Tokyo","TYO","[127.5, 128.0)","127.75","191","17","11.2352941176471"
"Tokyo","TYO","[128.0, 128.5)","128.25","29","10","2.9"
"Tokyo","TYO","[128.5, 129.0)","128.75","17","7","2.42857142857143"
"Tokyo","TYO","[129.0, 129.5)","129.25","25","7","3.57142857142857"
"Tokyo","TYO","[129.5, 130.0)","129.75","20","7","2.85714285714286"
"Tokyo","TYO","[130.0, 130.5)","130.25","49","11","4.45454545454545"
"Tokyo","TYO","[130.5, 131.0)","130.75","185","11","16.8181818181818"
"Tokyo","TYO","[131.0, 131.5)","131.25","23","7","3.28571428571429"
"Tokyo","TYO","[131.5, 132.0)","131.75","45","6","7.5"
"Tokyo","TYO","[132.0, 132.5)","132.25","39","13","3"
"Tokyo","TYO","[132.5, 133.0)","132.75","165","14","11.7857142857143"
"Tokyo","TYO","[133.0, 133.5)","133.25","31","6","5.16666666666667"
"Tokyo","TYO","[133.5, 134.0)","133.75","20","7","2.85714285714286"
"Tokyo","TYO","[134.0, 134.5)","134.25","71","14","5.07142857142857"
"Tokyo","TYO","[134.5, 135.0)","134.75","23","11","2.09090909090909"
"Tokyo","TYO","[135.0, 135.5)","135.25","39","10","3.9"
"Tokyo","TYO","[135.5, 136.0)","135.75","34","9","3.77777777777778"
"Tokyo","TYO","[136.0, 136.5)","136.25","3","3","1"
"Tokyo","TYO","[136.5, 137.0)","136.75","6","5","1.2"
"Tokyo","TYO","[137.0, 137.5)","137.25","8","3","2.66666666666667"
"Tokyo","TYO","[137.5, 138.0)","137.75","6","4","1.5"
"Tokyo","TYO","[138.0, 138.5)","138.25","25","6","4.16666666666667"
"Tokyo","TYO","[138.5, 139.0)","138.75","6","5","1.2"
"Tokyo","TYO","[139.0, 139.5)","139.25","25","3","8.33333333333333"
"Tokyo","TYO","[139.5, 140.0)","139.75","34","9","3.77777777777778"
"Tokyo","TYO","[140.0, 140.5)","140.25","1","1","1"
"Tokyo","TYO","[140.5, 141.0)","140.75","2","1","2"
"Tokyo","TYO","[141.0, 141.5)","141.25","13","7","1.85714285714286"
"Tokyo","TYO","[141.5, 142.0)","141.75","21","5","4.2"
"Tokyo","TYO","[142.0, 142.5)","142.25","10","7","1.42857142857143"
"Tokyo","TYO","[142.5, 143.0)","142.75","8","6","1.33333333333333"
"Tokyo","TYO","[143.0, 143.5)","143.25","1","1","1"
"Tokyo","TYO","[143.5, 144.0)","143.75","12","3","4"
"Tokyo","TYO","[144.0, 144.5)","144.25","2","2","1"
"Tokyo","TYO","[144.5, 145.0)","144.75","6","2","3"
"Tokyo","TYO","[145.0, 145.5)","145.25","5","4","1.25"
"Tokyo","TYO","[145.5, 146.0)","145.75","2","2","1"
"Tokyo","TYO","[146.5, 147.0)","146.75","56","6","9.33333333333333"
"Tokyo","TYO","[147.5, 148.0)","147.75","3","2","1.5"
"Tokyo","TYO","[150.5, 151.0)","150.75","11","3","3.66666666666667"
"Tokyo","TYO","[151.0, 151.5)","151.25","14","4","3.5"
"Tokyo","TYO","[151.5, 152.0)","151.75","2","1","2"
"Tokyo","TYO","[152.0, 152.5)","152.25","5","2","2.5"
"Tokyo","TYO","[153.0, 153.5)","153.25","1","1","1"
"Tokyo","TYO","[154.0, 154.5)","154.25","5","2","2.5"
"Tokyo","TYO","[157.0, 157.5)","157.25","4","3","1.33333333333333"
"Tokyo","TYO","[158.5, 159.0)","158.75","2","2","1"
"Tokyo","TYO","[159.5, 160.0)","159.75","2","2","1"
"Taipei","TPE","[0.0, 0.5)","0.25","298","1","298"
"Taipei","TPE","[0.5, 1.0)","0.75","22112348","148","149407.756756757"
"Taipei","TPE","[1.0, 1.5)","1.25","39614828","225","176065.902222222"
"Taipei","TPE","[1.5, 2.0)","1.75","33936690","247","137395.506072875"
"Taipei","TPE","[2.0, 2.5)","2.25","35791499","317","112906.936908517"
"Taipei","TPE","[2.5, 3.0)","2.75","36534294","351","104086.307692308"
"Taipei","TPE","[3.0, 3.5)","3.25","37738298","403","93643.4193548387"
"Taipei","TPE","[3.5, 4.0)","3.75","38551051","463","83263.6090712743"
"Taipei","TPE","[4.0, 4.5)","4.25","40809893","471","86645.2080679405"
"Taipei","TPE","[4.5, 5.0)","4.75","43167185","508","84974.7736220472"
"Taipei","TPE","[5.0, 5.5)","5.25","37071583","562","65963.6708185053"
"Taipei","TPE","[5.5, 6.0)","5.75","37779633","545","69320.4275229358"
"Taipei","TPE","[6.0, 6.5)","6.25","33389630","542","61604.483394834"
"Taipei","TPE","[6.5, 7.0)","6.75","33786131","572","59066.6625874126"
"Taipei","TPE","[7.0, 7.5)","7.25","29072114","504","57682.7658730159"
"Taipei","TPE","[7.5, 8.0)","7.75","28174614","517","54496.3520309478"
"Taipei","TPE","[8.0, 8.5)","8.25","22758065","517","44019.4680851064"
"Taipei","TPE","[8.5, 9.0)","8.75","21386892","506","42266.5849802372"
"Taipei","TPE","[9.0, 9.5)","9.25","20484790","512","40009.35546875"
"Taipei","TPE","[9.5, 10.0)","9.75","19093845","491","38887.6680244399"
"Taipei","TPE","[10.0, 10.5)","10.25","16960196","390","43487.682051282"
"Taipei","TPE","[10.5, 11.0)","10.75","13703895","432","31721.9791666667"
"Taipei","TPE","[11.0, 11.5)","11.25","12681972","360","35227.7"
"Taipei","TPE","[11.5, 12.0)","11.75","11622469","367","31668.8528610354"
"Taipei","TPE","[12.0, 12.5)","12.25","10083152","319","31608.6269592476"
"Taipei","TPE","[12.5, 13.0)","12.75","7473662","310","24108.5870967742"
"Taipei","TPE","[13.0, 13.5)","13.25","7974552","289","27593.6055363322"
"Taipei","TPE","[13.5, 14.0)","13.75","5346297","234","22847.4230769231"
"Taipei","TPE","[14.0, 14.5)","14.25","5643440","249","22664.4176706827"
"Taipei","TPE","[14.5, 15.0)","14.75","4109666","189","21744.2645502646"
"Taipei","TPE","[15.0, 15.5)","15.25","6844671","156","43876.0961538462"
"Taipei","TPE","[15.5, 16.0)","15.75","3947460","164","24069.8780487805"
"Taipei","TPE","[16.0, 16.5)","16.25","2515598","114","22066.649122807"
"Taipei","TPE","[16.5, 17.0)","16.75","2683436","110","24394.8727272727"
"Taipei","TPE","[17.0, 17.5)","17.25","2022789","85","23797.5176470588"
"Taipei","TPE","[17.5, 18.0)","17.75","1793403","84","21350.0357142857"
"Taipei","TPE","[18.0, 18.5)","18.25","1183643","72","16439.4861111111"
"Taipei","TPE","[18.5, 19.0)","18.75","1743443","66","26415.803030303"
"Taipei","TPE","[19.0, 19.5)","19.25","1159086","52","22290.1153846154"
"Taipei","TPE","[19.5, 20.0)","19.75","972163","52","18695.4423076923"
"Taipei","TPE","[20.0, 20.5)","20.25","451889","35","12911.1142857143"
"Taipei","TPE","[20.5, 21.0)","20.75","639815","39","16405.5128205128"
"Taipei","TPE","[21.0, 21.5)","21.25","162352","15","10823.4666666667"
"Taipei","TPE","[21.5, 22.0)","21.75","267513","14","19108.0714285714"
"Taipei","TPE","[22.0, 22.5)","22.25","110145","7","15735"
"Taipei","TPE","[22.5, 23.0)","22.75","287244","14","20517.4285714286"
"Taipei","TPE","[23.0, 23.5)","23.25","101820","8","12727.5"
"Taipei","TPE","[23.5, 24.0)","23.75","115978","4","28994.5"
"Taipei","TPE","[24.0, 24.5)","24.25","78149","2","39074.5"
"Taipei","TPE","[25.0, 25.5)","25.25","68163","2","34081.5"
"Tianjin","TJN","[0.0, 0.5)","0.25","223","10","22.3"
"Tianjin","TJN","[0.5, 1.0)","0.75","63103","159","396.874213836478"
"Tianjin","TJN","[1.0, 1.5)","1.25","160829","299","537.889632107023"
"Tianjin","TJN","[1.5, 2.0)","1.75","177779","318","559.053459119497"
"Tianjin","TJN","[2.0, 2.5)","2.25","252624","418","604.363636363636"
"Tianjin","TJN","[2.5, 3.0)","2.75","265523","531","500.043314500942"
"Tianjin","TJN","[3.0, 3.5)","3.25","343348","644","533.149068322981"
"Tianjin","TJN","[3.5, 4.0)","3.75","303522","630","481.780952380952"
"Tianjin","TJN","[4.0, 4.5)","4.25","286117","796","359.443467336683"
"Tianjin","TJN","[4.5, 5.0)","4.75","349832","785","445.645859872611"
"Tianjin","TJN","[5.0, 5.5)","5.25","318377","934","340.874732334047"
"Tianjin","TJN","[5.5, 6.0)","5.75","317939","897","354.447045707915"
"Tianjin","TJN","[6.0, 6.5)","6.25","344089","1068","322.180711610487"
"Tianjin","TJN","[6.5, 7.0)","6.75","349079","1111","314.202520252025"
"Tianjin","TJN","[7.0, 7.5)","7.25","266935","948","281.577004219409"
"Tianjin","TJN","[7.5, 8.0)","7.75","284553","1083","262.745152354571"
"Tianjin","TJN","[8.0, 8.5)","8.25","274891","1035","265.595169082126"
"Tianjin","TJN","[8.5, 9.0)","8.75","249932","1045","239.169377990431"
"Tianjin","TJN","[9.0, 9.5)","9.25","252687","1035","244.142028985507"
"Tianjin","TJN","[9.5, 10.0)","9.75","215966","991","217.927346115035"
"Tianjin","TJN","[10.0, 10.5)","10.25","225515","993","227.104733131923"
"Tianjin","TJN","[10.5, 11.0)","10.75","208362","977","213.267144319345"
"Tianjin","TJN","[11.0, 11.5)","11.25","187202","979","191.217568947906"
"Tianjin","TJN","[11.5, 12.0)","11.75","143733","897","160.23745819398"
"Tianjin","TJN","[12.0, 12.5)","12.25","166990","952","175.409663865546"
"Tianjin","TJN","[12.5, 13.0)","12.75","119115","821","145.085261875761"
"Tianjin","TJN","[13.0, 13.5)","13.25","128537","783","164.159642401022"
"Tianjin","TJN","[13.5, 14.0)","13.75","113838","791","143.916561314791"
"Tianjin","TJN","[14.0, 14.5)","14.25","95584","676","141.396449704142"
"Tianjin","TJN","[14.5, 15.0)","14.75","85984","705","121.963120567376"
"Tianjin","TJN","[15.0, 15.5)","15.25","70731","603","117.298507462687"
"Tianjin","TJN","[15.5, 16.0)","15.75","68668","587","116.981260647359"
"Tianjin","TJN","[16.0, 16.5)","16.25","56089","575","97.5460869565217"
"Tianjin","TJN","[16.5, 17.0)","16.75","42172","475","88.7831578947368"
"Tianjin","TJN","[17.0, 17.5)","17.25","52650","499","105.511022044088"
"Tianjin","TJN","[17.5, 18.0)","17.75","41594","437","95.1807780320366"
"Tianjin","TJN","[18.0, 18.5)","18.25","30950","434","71.3133640552995"
"Tianjin","TJN","[18.5, 19.0)","18.75","27503","367","74.9400544959128"
"Tianjin","TJN","[19.0, 19.5)","19.25","33140","375","88.3733333333333"
"Tianjin","TJN","[19.5, 20.0)","19.75","25757","356","72.3511235955056"
"Tianjin","TJN","[20.0, 20.5)","20.25","27301","286","95.458041958042"
"Tianjin","TJN","[20.5, 21.0)","20.75","18007","239","75.3430962343096"
"Tianjin","TJN","[21.0, 21.5)","21.25","18206","240","75.8583333333333"
"Tianjin","TJN","[21.5, 22.0)","21.75","36456","239","152.535564853556"
"Tianjin","TJN","[22.0, 22.5)","22.25","17391","200","86.955"
"Tianjin","TJN","[22.5, 23.0)","22.75","22199","178","124.713483146067"
"Tianjin","TJN","[23.0, 23.5)","23.25","22935","185","123.972972972973"
"Tianjin","TJN","[23.5, 24.0)","23.75","13426","159","84.440251572327"
"Tianjin","TJN","[24.0, 24.5)","24.25","15008","141","106.439716312057"
"Tianjin","TJN","[24.5, 25.0)","24.75","11027","169","65.2485207100592"
"Tianjin","TJN","[25.0, 25.5)","25.25","9220","100","92.2"
"Tianjin","TJN","[25.5, 26.0)","25.75","9336","118","79.1186440677966"
"Tianjin","TJN","[26.0, 26.5)","26.25","17242","104","165.788461538462"
"Tianjin","TJN","[26.5, 27.0)","26.75","10563","76","138.986842105263"
"Tianjin","TJN","[27.0, 27.5)","27.25","5523","75","73.64"
"Tianjin","TJN","[27.5, 28.0)","27.75","11971","71","168.605633802817"
"Tianjin","TJN","[28.0, 28.5)","28.25","6886","80","86.075"
"Tianjin","TJN","[28.5, 29.0)","28.75","11324","73","155.123287671233"
"Tianjin","TJN","[29.0, 29.5)","29.25","2421","48","50.4375"
"Tianjin","TJN","[29.5, 30.0)","29.75","2684","66","40.6666666666667"
"Tianjin","TJN","[30.0, 30.5)","30.25","5652","37","152.756756756757"
"Tianjin","TJN","[30.5, 31.0)","30.75","3924","50","78.48"
"Tianjin","TJN","[31.0, 31.5)","31.25","6733","49","137.408163265306"
"Tianjin","TJN","[31.5, 32.0)","31.75","2100","30","70"
"Tianjin","TJN","[32.0, 32.5)","32.25","3595","46","78.1521739130435"
"Tianjin","TJN","[32.5, 33.0)","32.75","8324","40","208.1"
"Tianjin","TJN","[33.0, 33.5)","33.25","11025","44","250.568181818182"
"Tianjin","TJN","[33.5, 34.0)","33.75","2003","57","35.140350877193"
"Tianjin","TJN","[34.0, 34.5)","34.25","3875","40","96.875"
"Tianjin","TJN","[34.5, 35.0)","34.75","2041","34","60.0294117647059"
"Tianjin","TJN","[35.0, 35.5)","35.25","11682","36","324.5"
"Tianjin","TJN","[35.5, 36.0)","35.75","2998","41","73.1219512195122"
"Tianjin","TJN","[36.0, 36.5)","36.25","3532","33","107.030303030303"
"Tianjin","TJN","[36.5, 37.0)","36.75","3930","37","106.216216216216"
"Tianjin","TJN","[37.0, 37.5)","37.25","7564","58","130.413793103448"
"Tianjin","TJN","[37.5, 38.0)","37.75","6485","40","162.125"
"Tianjin","TJN","[38.0, 38.5)","38.25","3658","50","73.16"
"Tianjin","TJN","[38.5, 39.0)","38.75","8809","60","146.816666666667"
"Tianjin","TJN","[39.0, 39.5)","39.25","7030","57","123.333333333333"
"Tianjin","TJN","[39.5, 40.0)","39.75","6758","54","125.148148148148"
"Tianjin","TJN","[40.0, 40.5)","40.25","2987","49","60.9591836734694"
"Tianjin","TJN","[40.5, 41.0)","40.75","18456","53","348.22641509434"
"Tianjin","TJN","[41.0, 41.5)","41.25","10078","62","162.548387096774"
"Tianjin","TJN","[41.5, 42.0)","41.75","7779","42","185.214285714286"
"Tianjin","TJN","[42.0, 42.5)","42.25","9814","63","155.777777777778"
"Tianjin","TJN","[42.5, 43.0)","42.75","7694","52","147.961538461538"
"Tianjin","TJN","[43.0, 43.5)","43.25","8881","66","134.560606060606"
"Tianjin","TJN","[43.5, 44.0)","43.75","5842","70","83.4571428571429"
"Tianjin","TJN","[44.0, 44.5)","44.25","4315","60","71.9166666666667"
"Tianjin","TJN","[44.5, 45.0)","44.75","15495","97","159.742268041237"
"Tianjin","TJN","[45.0, 45.5)","45.25","7014","48","146.125"
"Tianjin","TJN","[45.5, 46.0)","45.75","7230","72","100.416666666667"
"Tianjin","TJN","[46.0, 46.5)","46.25","5847","54","108.277777777778"
"Tianjin","TJN","[46.5, 47.0)","46.75","14282","59","242.067796610169"
"Tianjin","TJN","[47.0, 47.5)","47.25","6095","56","108.839285714286"
"Tianjin","TJN","[47.5, 48.0)","47.75","6067","64","94.796875"
"Tianjin","TJN","[48.0, 48.5)","48.25","5296","60","88.2666666666667"
"Tianjin","TJN","[48.5, 49.0)","48.75","5026","59","85.1864406779661"
"Tianjin","TJN","[49.0, 49.5)","49.25","2962","42","70.5238095238095"
"Tianjin","TJN","[49.5, 50.0)","49.75","2301","34","67.6764705882353"
"Tianjin","TJN","[50.0, 50.5)","50.25","2456","31","79.2258064516129"
"Tianjin","TJN","[50.5, 51.0)","50.75","3980","34","117.058823529412"
"Tianjin","TJN","[51.0, 51.5)","51.25","2924","44","66.4545454545455"
"Tianjin","TJN","[51.5, 52.0)","51.75","3798","26","146.076923076923"
"Tianjin","TJN","[52.0, 52.5)","52.25","1042","20","52.1"
"Tianjin","TJN","[52.5, 53.0)","52.75","1505","16","94.0625"
"Tianjin","TJN","[53.0, 53.5)","53.25","1594","18","88.5555555555556"
"Tianjin","TJN","[53.5, 54.0)","53.75","351","10","35.1"
"Tianjin","TJN","[54.0, 54.5)","54.25","1245","12","103.75"
"Tianjin","TJN","[54.5, 55.0)","54.75","1212","17","71.2941176470588"
"Tianjin","TJN","[55.0, 55.5)","55.25","691","12","57.5833333333333"
"Tianjin","TJN","[55.5, 56.0)","55.75","1327","10","132.7"
"Tianjin","TJN","[56.0, 56.5)","56.25","279","4","69.75"
"Tianjin","TJN","[56.5, 57.0)","56.75","1521","20","76.05"
"Tianjin","TJN","[57.0, 57.5)","57.25","227","4","56.75"
"Tianjin","TJN","[57.5, 58.0)","57.75","438","4","109.5"
"Tianjin","TJN","[58.0, 58.5)","58.25","883","2","441.5"
